From,Entry,Reviewed,Entry Name,Protein names,Gene Names,Organism,Length
Q9Y265,Q9Y265,reviewed,RUVB1_HUMAN,RuvB-like 1 (EC 3.6.4.12) (49 kDa TATA box-binding protein-interacting protein) (49 kDa TBP-interacting protein) (54 kDa erythrocyte cytosolic protein) (ECP-54) (INO80 complex subunit H) (Nuclear matrix protein 238) (NMP 238) (Pontin 52) (TIP49a) (TIP60-associated protein 54-alpha) (TAP54-alpha),RUVBL1 INO80H NMP238 TIP49 TIP49A,Homo sapiens (Human),456
O75534,O75534,reviewed,CSDE1_HUMAN,Cold shock domain-containing protein E1 (N-ras upstream gene protein) (Protein UNR),CSDE1 D1S155E KIAA0885 NRU UNR,Homo sapiens (Human),798
P06737,P06737,reviewed,PYGL_HUMAN,"Glycogen phosphorylase, liver form (EC 2.4.1.1)",PYGL,Homo sapiens (Human),847
CITE2_HUMAN,Q99967,reviewed,CITE2_HUMAN,Cbp/p300-interacting transactivator 2 (MSG-related protein 1) (MRG-1) (P35srj),CITED2 MRG1,Homo sapiens (Human),270
Q9NPC7,Q9NPC7,reviewed,MYNN_HUMAN,Myoneurin (Zinc finger and BTB domain-containing protein 31),MYNN OSZF ZBTB31 SBBIZ1,Homo sapiens (Human),610
Q15637,Q15637,reviewed,SF01_HUMAN,Splicing factor 1 (Mammalian branch point-binding protein) (BBP) (mBBP) (Transcription factor ZFM1) (Zinc finger gene in MEN1 locus) (Zinc finger protein 162),SF1 ZFM1 ZNF162,Homo sapiens (Human),639
ZA2G_HUMAN,P25311,reviewed,ZA2G_HUMAN,Zinc-alpha-2-glycoprotein (Zn-alpha-2-GP) (Zn-alpha-2-glycoprotein),AZGP1 ZAG ZNGP1,Homo sapiens (Human),298
S10A6_HUMAN,P06703,reviewed,S10A6_HUMAN,Protein S100-A6 (Calcyclin) (Growth factor-inducible protein 2A9) (MLN 4) (Prolactin receptor-associated protein) (PRA) (S100 calcium-binding protein A6),S100A6 CACY,Homo sapiens (Human),90
Q8TBX8,Q8TBX8,reviewed,PI42C_HUMAN,Phosphatidylinositol 5-phosphate 4-kinase type-2 gamma (EC 2.7.1.149) (Phosphatidylinositol 5-phosphate 4-kinase type II gamma) (PI(5)P 4-kinase type II gamma) (PIP4KII-gamma),PIP4K2C PIP5K2C,Homo sapiens (Human),421
RXRG_HUMAN,P48443,reviewed,RXRG_HUMAN,Retinoic acid receptor RXR-gamma (Nuclear receptor subfamily 2 group B member 3) (Retinoid X receptor gamma),RXRG NR2B3,Homo sapiens (Human),463
EPHB2_HUMAN,P29323,reviewed,EPHB2_HUMAN,Ephrin type-B receptor 2 (EC 2.7.10.1) (Developmentally-regulated Eph-related tyrosine kinase) (ELK-related tyrosine kinase) (EPH tyrosine kinase 3) (EPH-like kinase 5) (EK5) (hEK5) (Renal carcinoma antigen NY-REN-47) (Tyrosine-protein kinase TYRO5) (Tyrosine-protein kinase receptor EPH-3) [Cleaved into: EphB2/CTF1; EphB2/CTF2],EPHB2 DRT EPHT3 EPTH3 ERK HEK5 TYRO5,Homo sapiens (Human),1055
Q16566,Q16566,reviewed,KCC4_HUMAN,Calcium/calmodulin-dependent protein kinase type IV (CaMK IV) (EC 2.7.11.17) (CaM kinase-GR),CAMK4 CAMK CAMK-GR CAMKIV,Homo sapiens (Human),473
CLPP_HUMAN,Q16740,reviewed,CLPP_HUMAN,"ATP-dependent Clp protease proteolytic subunit, mitochondrial (EC 3.4.21.92) (Caseinolytic mitochondrial matrix peptidase proteolytic subunit) (Endopeptidase Clp)",CLPP,Homo sapiens (Human),277
MCR_HUMAN,P08235,reviewed,MCR_HUMAN,Mineralocorticoid receptor (MR) (Nuclear receptor subfamily 3 group C member 2),NR3C2 MCR MLR,Homo sapiens (Human),984
Q96R05,Q96R05,reviewed,RET7_HUMAN,Retinoid-binding protein 7 (Cellular retinoic acid-binding protein 4) (CRABP4) (CRBP4) (Cellular retinoic acid-binding protein IV) (CRABP-IV),RBP7,Homo sapiens (Human),134
Q15543,Q15543,reviewed,TAF13_HUMAN,Transcription initiation factor TFIID subunit 13 (Transcription initiation factor TFIID 18 kDa subunit) (TAF(II)18) (TAFII-18) (TAFII18),TAF13 TAF2K TAFII18,Homo sapiens (Human),124
P53999,P53999,reviewed,TCP4_HUMAN,Activated RNA polymerase II transcriptional coactivator p15 (Positive cofactor 4) (PC4) (SUB1 homolog) (p14),SUB1 PC4 RPO2TC1,Homo sapiens (Human),127
P51149,P51149,reviewed,RAB7A_HUMAN,Ras-related protein Rab-7a (EC 3.6.5.2),RAB7A RAB7,Homo sapiens (Human),207
HXK2_HUMAN,P52789,reviewed,HXK2_HUMAN,Hexokinase-2 (EC 2.7.1.1) (Hexokinase type II) (HK II) (Hexokinase-B) (Muscle form hexokinase),HK2,Homo sapiens (Human),917
P17516,P17516,reviewed,AK1C4_HUMAN,Aldo-keto reductase family 1 member C4 (EC 1.1.1.-) (EC 1.1.1.209) (EC 1.1.1.210) (EC 1.1.1.51) (EC 1.1.1.53) (EC 1.1.1.62) (3-alpha-hydroxysteroid dehydrogenase type I) (3-alpha-HSD1) (EC 1.1.1.357) (3alpha-hydroxysteroid 3-dehydrogenase) (Chlordecone reductase) (CDR) (EC 1.1.1.225) (Dihydrodiol dehydrogenase 4) (DD-4) (DD4) (HAKRA),AKR1C4 CHDR,Homo sapiens (Human),323
RAN_HUMAN,P62826,reviewed,RAN_HUMAN,GTP-binding nuclear protein Ran (EC 3.6.5.-) (Androgen receptor-associated protein 24) (GTPase Ran) (Ras-like protein TC4) (Ras-related nuclear protein),RAN ARA24 OK/SW-cl.81,Homo sapiens (Human),216
P51687,P51687,reviewed,SUOX_HUMAN,"Sulfite oxidase, mitochondrial (EC 1.8.3.1)",SUOX,Homo sapiens (Human),545
Q8N6N7,Q8N6N7,reviewed,ACBD7_HUMAN,Acyl-CoA-binding domain-containing protein 7,ACBD7,Homo sapiens (Human),88
P15941,P15941,reviewed,MUC1_HUMAN,Mucin-1 (MUC-1) (Breast carcinoma-associated antigen DF3) (Cancer antigen 15-3) (CA 15-3) (Carcinoma-associated mucin) (Episialin) (H23AG) (Krebs von den Lungen-6) (KL-6) (PEMT) (Peanut-reactive urinary mucin) (PUM) (Polymorphic epithelial mucin) (PEM) (Tumor-associated epithelial membrane antigen) (EMA) (Tumor-associated mucin) (CD antigen CD227) [Cleaved into: Mucin-1 subunit alpha (MUC1-NT) (MUC1-alpha); Mucin-1 subunit beta (MUC1-beta) (MUC1-CT)],MUC1 PUM,Homo sapiens (Human),1255
ANDR_HUMAN,P10275,reviewed,ANDR_HUMAN,Androgen receptor (Dihydrotestosterone receptor) (Nuclear receptor subfamily 3 group C member 4),AR DHTR NR3C4,Homo sapiens (Human),920
Q8NA54,Q8NA54,reviewed,IQUB_HUMAN,IQ motif and ubiquitin-like domain-containing protein,IQUB,Homo sapiens (Human),791
INSR_HUMAN,P06213,reviewed,INSR_HUMAN,Insulin receptor (IR) (EC 2.7.10.1) (CD antigen CD220) [Cleaved into: Insulin receptor subunit alpha; Insulin receptor subunit beta],INSR,Homo sapiens (Human),1382
Q96LJ7,Q96LJ7,reviewed,DHRS1_HUMAN,Dehydrogenase/reductase SDR family member 1 (EC 1.1.1.-) (Short chain dehydrogenase/reductase family 19C member 1) (Protein SDR19C1),DHRS1 SDR19C1,Homo sapiens (Human),313
HMOX1_HUMAN,P09601,reviewed,HMOX1_HUMAN,Heme oxygenase 1 (HO-1) (EC 1.14.14.18) [Cleaved into: Heme oxygenase 1 soluble form],HMOX1 HO HO1,Homo sapiens (Human),288
Q6NVY1,Q6NVY1,reviewed,HIBCH_HUMAN,"3-hydroxyisobutyryl-CoA hydrolase, mitochondrial (EC 3.1.2.4) (3-hydroxyisobutyryl-coenzyme A hydrolase) (HIB-CoA hydrolase) (HIBYL-CoA-H)",HIBCH,Homo sapiens (Human),386
CD3E_HUMAN,P07766,reviewed,CD3E_HUMAN,T-cell surface glycoprotein CD3 epsilon chain (T-cell surface antigen T3/Leu-4 epsilon chain) (CD antigen CD3e),CD3E T3E,Homo sapiens (Human),207
Q96DU7,Q96DU7,reviewed,IP3KC_HUMAN,"Inositol-trisphosphate 3-kinase C (EC 2.7.1.127) (Inositol 1,4,5-trisphosphate 3-kinase C) (IP3 3-kinase C) (IP3K C) (InsP 3-kinase C)",ITPKC IP3KC,Homo sapiens (Human),683
Q9Y2Q3,Q9Y2Q3,reviewed,GSTK1_HUMAN,Glutathione S-transferase kappa 1 (EC 2.5.1.18) (GST 13-13) (GST class-kappa) (GSTK1-1) (hGSTK1) (Glutathione S-transferase subunit 13),GSTK1 HDCMD47P,Homo sapiens (Human),226
ST1E1_HUMAN,P49888,reviewed,ST1E1_HUMAN,"Sulfotransferase 1E1 (ST1E1) (EC 2.8.2.4) (EST-1) (Estrogen sulfotransferase) (Sulfotransferase, estrogen-preferring)",SULT1E1 STE,Homo sapiens (Human),294
Q9NSY2,Q9NSY2,reviewed,STAR5_HUMAN,StAR-related lipid transfer protein 5 (START domain-containing protein 5) (StARD5),STARD5,Homo sapiens (Human),213
P52848,P52848,reviewed,NDST1_HUMAN,Bifunctional heparan sulfate N-deacetylase/N-sulfotransferase 1 (Glucosaminyl N-deacetylase/N-sulfotransferase 1) (NDST-1) (N-heparan sulfate sulfotransferase 1) (N-HSST 1) ([Heparan sulfate]-glucosamine N-sulfotransferase 1) (HSNST 1) [Includes: Heparan sulfate N-deacetylase 1 (EC 3.5.1.-); Heparan sulfate N-sulfotransferase 1 (EC 2.8.2.8)],NDST1 HSST HSST1,Homo sapiens (Human),882
S10AC_HUMAN,P80511,reviewed,S10AC_HUMAN,Protein S100-A12 (CGRP) (Calcium-binding protein in amniotic fluid 1) (CAAF1) (Calgranulin-C) (CAGC) (Extracellular newly identified RAGE-binding protein) (EN-RAGE) (Migration inhibitory factor-related protein 6) (MRP-6) (p6) (Neutrophil S100 protein) (S100 calcium-binding protein A12) [Cleaved into: Calcitermin],S100A12,Homo sapiens (Human),92
NDK3_HUMAN,Q13232,reviewed,NDK3_HUMAN,Nucleoside diphosphate kinase 3 (NDK 3) (NDP kinase 3) (EC 2.7.4.6) (DR-nm23) (Nucleoside diphosphate kinase C) (NDPKC) (nm23-H3),NME3,Homo sapiens (Human),169
Q9BY41,Q9BY41,reviewed,HDAC8_HUMAN,Histone deacetylase 8 (HD8) (EC 3.5.1.98) (Protein deacetylase HDAC8) (EC 3.5.1.-) (Protein decrotonylase HDAC8) (EC 3.5.1.-),HDAC8 HDACL1 CDA07,Homo sapiens (Human),377
ANXA1_HUMAN,P04083,reviewed,ANXA1_HUMAN,Annexin A1 (Annexin I) (Annexin-1) (Calpactin II) (Calpactin-2) (Chromobindin-9) (Lipocortin I) (Phospholipase A2 inhibitory protein) (p35) [Cleaved into: Annexin Ac2-26],ANXA1 ANX1 LPC1,Homo sapiens (Human),346
O43159,O43159,reviewed,RRP8_HUMAN,Ribosomal RNA-processing protein 8 (EC 2.1.1.-) (Cerebral protein 1) (Nucleomethylin),RRP8 KIAA0409 NML hucep-1,Homo sapiens (Human),456
SENP7_HUMAN,Q9BQF6,reviewed,SENP7_HUMAN,Sentrin-specific protease 7 (EC 3.4.22.-) (SUMO-1-specific protease 2) (Sentrin/SUMO-specific protease SENP7),SENP7 KIAA1707 SSP2 SUSP2,Homo sapiens (Human),1050
ACADM_HUMAN,P11310,reviewed,ACADM_HUMAN,"Medium-chain specific acyl-CoA dehydrogenase, mitochondrial (MCAD) (EC 1.3.8.7) (Medium chain acyl-CoA dehydrogenase) (MCADH)",ACADM,Homo sapiens (Human),421
P12956,P12956,reviewed,XRCC6_HUMAN,X-ray repair cross-complementing protein 6 (EC 3.6.4.-) (EC 4.2.99.-) (5'-deoxyribose-5-phosphate lyase Ku70) (5'-dRP lyase Ku70) (70 kDa subunit of Ku antigen) (ATP-dependent DNA helicase 2 subunit 1) (ATP-dependent DNA helicase II 70 kDa subunit) (CTC box-binding factor 75 kDa subunit) (CTC75) (CTCBF) (DNA repair protein XRCC6) (Lupus Ku autoantigen protein p70) (Ku70) (Thyroid-lupus autoantigen) (TLAA) (X-ray repair complementing defective repair in Chinese hamster cells 6),XRCC6 G22P1,Homo sapiens (Human),609
O00746,O00746,reviewed,NDKM_HUMAN,"Nucleoside diphosphate kinase, mitochondrial (NDK) (NDP kinase, mitochondrial) (EC 2.7.4.6) (Nucleoside diphosphate kinase D) (NDPKD) (nm23-H4)",NME4 NM23D,Homo sapiens (Human),187
ESR1_HUMAN,P03372,reviewed,ESR1_HUMAN,Estrogen receptor (ER) (ER-alpha) (Estradiol receptor) (Nuclear receptor subfamily 3 group A member 1),ESR1 ESR NR3A1,Homo sapiens (Human),595
MTG8_HUMAN,Q06455,reviewed,MTG8_HUMAN,Protein CBFA2T1 (Cyclin-D-related protein) (Eight twenty one protein) (Protein ETO) (Protein MTG8) (Zinc finger MYND domain-containing protein 2),RUNX1T1 AML1T1 CBFA2T1 CDR ETO MTG8 ZMYND2,Homo sapiens (Human),604
RET5_HUMAN,P82980,reviewed,RET5_HUMAN,Retinol-binding protein 5 (Cellular retinol-binding protein III) (CRBP-III) (HRBPiso),RBP5,Homo sapiens (Human),135
KCC2A_HUMAN,Q9UQM7,reviewed,KCC2A_HUMAN,Calcium/calmodulin-dependent protein kinase type II subunit alpha (CaM kinase II subunit alpha) (CaMK-II subunit alpha) (EC 2.7.11.17),CAMK2A CAMKA KIAA0968,Homo sapiens (Human),478
P07357,P07357,reviewed,CO8A_HUMAN,Complement component C8 alpha chain (Complement component 8 subunit alpha),C8A,Homo sapiens (Human),584
P09543,P09543,reviewed,CN37_HUMAN,"2',3'-cyclic-nucleotide 3'-phosphodiesterase (CNP) (CNPase) (EC 3.1.4.37)",CNP,Homo sapiens (Human),421
P11940,P11940,reviewed,PABP1_HUMAN,Polyadenylate-binding protein 1 (PABP-1) (Poly(A)-binding protein 1),PABPC1 PAB1 PABP PABP1 PABPC2,Homo sapiens (Human),636
Q13017,Q13017,reviewed,RHG05_HUMAN,Rho GTPase-activating protein 5 (Rho-type GTPase-activating protein 5) (p190-B),ARHGAP5 RHOGAP5,Homo sapiens (Human),1502
P30041,P30041,reviewed,PRDX6_HUMAN,Peroxiredoxin-6 (EC 1.11.1.27) (1-Cys peroxiredoxin) (1-Cys PRX) (24 kDa protein) (Acidic calcium-independent phospholipase A2) (aiPLA2) (EC 3.1.1.4) (Antioxidant protein 2) (Glutathione-dependent peroxiredoxin) (Liver 2D page spot 40) (Lysophosphatidylcholine acyltransferase 5) (LPC acyltransferase 5) (LPCAT-5) (Lyso-PC acyltransferase 5) (EC 2.3.1.23) (Non-selenium glutathione peroxidase) (NSGPx) (Red blood cells page spot 12),PRDX6 AOP2 KIAA0106,Homo sapiens (Human),224
Q14541,Q14541,reviewed,HNF4G_HUMAN,Hepatocyte nuclear factor 4-gamma (HNF-4-gamma) (Nuclear receptor subfamily 2 group A member 2),HNF4G NR2A2,Homo sapiens (Human),408
NOTC1_HUMAN,P46531,reviewed,NOTC1_HUMAN,Neurogenic locus notch homolog protein 1 (Notch 1) (hN1) (Translocation-associated notch protein TAN-1) [Cleaved into: Notch 1 extracellular truncation (NEXT); Notch 1 intracellular domain (NICD)],NOTCH1 TAN1,Homo sapiens (Human),2555
MUTYH_HUMAN,Q9UIF7,reviewed,MUTYH_HUMAN,Adenine DNA glycosylase (EC 3.2.2.31) (MutY homolog) (hMYH),MUTYH MYH,Homo sapiens (Human),546
Q16719,Q16719,reviewed,KYNU_HUMAN,Kynureninase (EC 3.7.1.3) (L-kynurenine hydrolase),KYNU,Homo sapiens (Human),465
Q13506,Q13506,reviewed,NAB1_HUMAN,NGFI-A-binding protein 1 (EGR-1-binding protein 1) (Transcriptional regulatory protein p54),NAB1,Homo sapiens (Human),487
Q9Y5J7,Q9Y5J7,reviewed,TIM9_HUMAN,Mitochondrial import inner membrane translocase subunit Tim9,TIMM9 TIM9 TIM9A TIMM9A,Homo sapiens (Human),89
P37275,P37275,reviewed,ZEB1_HUMAN,Zinc finger E-box-binding homeobox 1 (NIL-2-A zinc finger protein) (Negative regulator of IL2) (Transcription factor 8) (TCF-8),ZEB1 AREB6 TCF8,Homo sapiens (Human),1124
Q9UPT8,Q9UPT8,reviewed,ZC3H4_HUMAN,Zinc finger CCCH domain-containing protein 4,ZC3H4 C19orf7 KIAA1064,Homo sapiens (Human),1303
HCK_HUMAN,P08631,reviewed,HCK_HUMAN,Tyrosine-protein kinase HCK (EC 2.7.10.2) (Hematopoietic cell kinase) (Hemopoietic cell kinase) (p59-HCK/p60-HCK) (p59Hck) (p61Hck),HCK,Homo sapiens (Human),526
CLK1_HUMAN,P49759,reviewed,CLK1_HUMAN,Dual specificity protein kinase CLK1 (EC 2.7.12.1) (CDC-like kinase 1),CLK1 CLK,Homo sapiens (Human),484
P43358,P43358,reviewed,MAGA4_HUMAN,Melanoma-associated antigen 4 (Cancer/testis antigen 1.4) (CT1.4) (MAGE-4 antigen) (MAGE-41 antigen) (MAGE-X2 antigen),MAGEA4 MAGE4,Homo sapiens (Human),317
P04745,P0DUB6,reviewed,AMY1A_HUMAN,"Alpha-amylase 1A (EC 3.2.1.1) (1,4-alpha-D-glucan glucanohydrolase 1) (Salivary alpha-amylase)",AMY1A AMY1,Homo sapiens (Human),511
P04745,P0DTE7,reviewed,AMY1B_HUMAN,Alpha-amylase 1B (EC 3.2.1.1),AMY1B AMY1,Homo sapiens (Human),511
P04745,P0DTE8,reviewed,AMY1C_HUMAN,Alpha-amylase 1C (EC 3.2.1.1),AMY1C AMY1,Homo sapiens (Human),511
HBB_HUMAN,P68871,reviewed,HBB_HUMAN,Hemoglobin subunit beta (Beta-globin) (Hemoglobin beta chain) [Cleaved into: LVV-hemorphin-7; Spinorphin],HBB,Homo sapiens (Human),147
P47736,P47736,reviewed,RPGP1_HUMAN,Rap1 GTPase-activating protein 1 (Rap1GAP) (Rap1GAP1),RAP1GAP KIAA0474 RAP1GA1,Homo sapiens (Human),663
P43246,P43246,reviewed,MSH2_HUMAN,DNA mismatch repair protein Msh2 (hMSH2) (MutS protein homolog 2),MSH2,Homo sapiens (Human),934
O43252,O43252,reviewed,PAPS1_HUMAN,Bifunctional 3'-phosphoadenosine 5'-phosphosulfate synthase 1 (PAPS synthase 1) (PAPSS 1) (Sulfurylase kinase 1) (SK 1) (SK1) [Includes: Sulfate adenylyltransferase (EC 2.7.7.4) (ATP-sulfurylase) (Sulfate adenylate transferase) (SAT); Adenylyl-sulfate kinase (EC 2.7.1.25) (3'-phosphoadenosine-5'-phosphosulfate synthase) (APS kinase) (Adenosine-5'-phosphosulfate 3'-phosphotransferase) (Adenylylsulfate 3'-phosphotransferase)],PAPSS1 ATPSK1 PAPSS,Homo sapiens (Human),624
Q9H0P0,Q9H0P0,reviewed,5NT3A_HUMAN,Cytosolic 5'-nucleotidase 3A (EC 3.1.3.5) (7-methylguanosine phosphate-specific 5'-nucleotidase) (7-methylguanosine nucleotidase) (EC 3.1.3.91) (Cytosolic 5'-nucleotidase 3) (Cytosolic 5'-nucleotidase III) (cN-III) (Pyrimidine 5'-nucleotidase 1) (P5'N-1) (P5N-1) (PN-I) (Uridine 5'-monophosphate hydrolase 1) (p36),NT5C3A NT5C3 P5N1 UMPH1 HSPC233,Homo sapiens (Human),336
HLAE_HUMAN,P13747,reviewed,HLAE_HUMAN,"HLA class I histocompatibility antigen, alpha chain E (MHC class I antigen E) [Cleaved into: Soluble HLA class I histocompatibility antigen, alpha chain E (sHLA-E)]",HLA-E HLA-6.2 HLAE,Homo sapiens (Human),358
FABPH_HUMAN,P05413,reviewed,FABPH_HUMAN,"Fatty acid-binding protein, heart (Fatty acid-binding protein 3) (Heart-type fatty acid-binding protein) (H-FABP) (Mammary-derived growth inhibitor) (MDGI) (Muscle fatty acid-binding protein) (M-FABP)",FABP3 FABP11 MDGI,Homo sapiens (Human),133
Q9BWD1,Q9BWD1,reviewed,THIC_HUMAN,"Acetyl-CoA acetyltransferase, cytosolic (EC 2.3.1.9) (Acetyl-CoA transferase-like protein) (Cytosolic acetoacetyl-CoA thiolase)",ACAT2 ACTL,Homo sapiens (Human),397
RO52_HUMAN,P19474,reviewed,RO52_HUMAN,E3 ubiquitin-protein ligase TRIM21 (EC 2.3.2.27) (52 kDa Ro protein) (52 kDa ribonucleoprotein autoantigen Ro/SS-A) (RING finger protein 81) (Ro(SS-A)) (Sjoegren syndrome type A antigen) (SS-A) (Tripartite motif-containing protein 21),TRIM21 RNF81 RO52 SSA1,Homo sapiens (Human),475
O15514,O15514,reviewed,RPB4_HUMAN,DNA-directed RNA polymerase II subunit RPB4 (RNA polymerase II subunit B4) (DNA-directed RNA polymerase II subunit D) (RNA polymerase II 16 kDa subunit) (RPB16),POLR2D,Homo sapiens (Human),142
PEPD_HUMAN,P12955,reviewed,PEPD_HUMAN,Xaa-Pro dipeptidase (X-Pro dipeptidase) (EC 3.4.13.9) (Imidodipeptidase) (Peptidase D) (Proline dipeptidase) (Prolidase),PEPD PRD,Homo sapiens (Human),493
Q8NBJ7,Q8NBJ7,reviewed,SUMF2_HUMAN,Inactive C-alpha-formylglycine-generating enzyme 2 (Paralog of formylglycine-generating enzyme) (pFGE) (Sulfatase-modifying factor 2),SUMF2 PSEC0171 UNQ1968/PRO4500,Homo sapiens (Human),301
O00268,O00268,reviewed,TAF4_HUMAN,Transcription initiation factor TFIID subunit 4 (RNA polymerase II TBP-associated factor subunit C) (TBP-associated factor 4) (Transcription initiation factor TFIID 130 kDa subunit) (TAF(II)130) (TAFII-130) (TAFII130) (Transcription initiation factor TFIID 135 kDa subunit) (TAF(II)135) (TAFII-135) (TAFII135),TAF4 TAF2C TAF2C1 TAF4A TAFII130 TAFII135,Homo sapiens (Human),1085
Q92540,Q92540,reviewed,SMG7_HUMAN,Nonsense-mediated mRNA decay factor SMG7 (SMG-7 homolog) (hSMG-7),SMG7 C1orf16 EST1C KIAA0250,Homo sapiens (Human),1137
P23921,P23921,reviewed,RIR1_HUMAN,Ribonucleoside-diphosphate reductase large subunit (EC 1.17.4.1) (Ribonucleoside-diphosphate reductase subunit M1) (Ribonucleotide reductase large subunit),RRM1 RR1,Homo sapiens (Human),792
ULA1_HUMAN,Q13564,reviewed,ULA1_HUMAN,"NEDD8-activating enzyme E1 regulatory subunit (Amyloid beta precursor protein-binding protein 1, 59 kDa) (APP-BP1) (Amyloid protein-binding protein 1) (Proto-oncogene protein 1)",NAE1 APPBP1 HPP1,Homo sapiens (Human),534
VTDB_HUMAN,P02774,reviewed,VTDB_HUMAN,Vitamin D-binding protein (DBP) (VDB) (Gc protein-derived macrophage activating factor) (Gc-MAF) (GcMAF) (Gc-globulin) (Group-specific component) (Gc) (Vitamin D-binding protein-macrophage activating factor) (DBP-maf),GC,Homo sapiens (Human),474
O14492,O14492,reviewed,SH2B2_HUMAN,SH2B adapter protein 2 (Adapter protein with pleckstrin homology and Src homology 2 domains) (SH2 and PH domain-containing adapter protein APS),SH2B2 APS,Homo sapiens (Human),632
Q9Y316,Q9Y316,reviewed,MEMO1_HUMAN,Protein MEMO1 (C21orf19-like protein) (Hepatitis C virus NS5A-transactivated protein 7) (HCV NS5A-transactivated protein 7) (Mediator of ErbB2-driven cell motility 1) (Mediator of cell motility 1) (Memo-1),MEMO1 C2orf4 MEMO NS5ATP7 CGI-27,Homo sapiens (Human),297
P32754,P32754,reviewed,HPPD_HUMAN,4-hydroxyphenylpyruvate dioxygenase (EC 1.13.11.27) (4-hydroxyphenylpyruvic acid oxidase) (4HPPD) (HPD) (HPPDase),HPD PPD,Homo sapiens (Human),393
ERBB4_HUMAN,Q15303,reviewed,ERBB4_HUMAN,Receptor tyrosine-protein kinase erbB-4 (EC 2.7.10.1) (Proto-oncogene-like protein c-ErbB-4) (Tyrosine kinase-type cell surface receptor HER4) (p180erbB4) [Cleaved into: ERBB4 intracellular domain (4ICD) (E4ICD) (s80HER4)],ERBB4 HER4,Homo sapiens (Human),1308
Q9Y6Q9,Q9Y6Q9,reviewed,NCOA3_HUMAN,Nuclear receptor coactivator 3 (NCoA-3) (EC 2.3.1.48) (ACTR) (Amplified in breast cancer 1 protein) (AIB-1) (CBP-interacting protein) (pCIP) (Class E basic helix-loop-helix protein 42) (bHLHe42) (Receptor-associated coactivator 3) (RAC-3) (Steroid receptor coactivator protein 3) (SRC-3) (Thyroid hormone receptor activator molecule 1) (TRAM-1),NCOA3 AIB1 BHLHE42 RAC3 TRAM1,Homo sapiens (Human),1424
P17213,P17213,reviewed,BPI_HUMAN,Bactericidal permeability-increasing protein (BPI) (CAP 57),BPI,Homo sapiens (Human),487
P10586,P10586,reviewed,PTPRF_HUMAN,Receptor-type tyrosine-protein phosphatase F (EC 3.1.3.48) (Leukocyte common antigen related) (LAR),PTPRF LAR,Homo sapiens (Human),1907
Q9HBH1,Q9HBH1,reviewed,DEFM_HUMAN,"Peptide deformylase, mitochondrial (EC 3.5.1.88) (Polypeptide deformylase)",PDF PDF1A,Homo sapiens (Human),243
CP2AD_HUMAN,Q16696,reviewed,CP2AD_HUMAN,Cytochrome P450 2A13 (EC 1.14.14.1) (CYPIIA13),CYP2A13,Homo sapiens (Human),494
VGFR2_HUMAN,P35968,reviewed,VGFR2_HUMAN,Vascular endothelial growth factor receptor 2 (VEGFR-2) (EC 2.7.10.1) (Fetal liver kinase 1) (FLK-1) (Kinase insert domain receptor) (KDR) (Protein-tyrosine kinase receptor flk-1) (CD antigen CD309),KDR FLK1 VEGFR2,Homo sapiens (Human),1356
RAC1_HUMAN,P63000,reviewed,RAC1_HUMAN,Ras-related C3 botulinum toxin substrate 1 (EC 3.6.5.2) (Cell migration-inducing gene 5 protein) (Ras-like protein TC25) (p21-Rac1),RAC1 TC25 MIG5,Homo sapiens (Human),192
GSTP1_HUMAN,P09211,reviewed,GSTP1_HUMAN,Glutathione S-transferase P (EC 2.5.1.18) (GST class-pi) (GSTP1-1),GSTP1 FAEES3 GST3,Homo sapiens (Human),210
P53_HUMAN,P04637,reviewed,P53_HUMAN,Cellular tumor antigen p53 (Antigen NY-CO-13) (Phosphoprotein p53) (Tumor suppressor p53),TP53 P53,Homo sapiens (Human),393
ALBU_HUMAN,P02768,reviewed,ALBU_HUMAN,Albumin,ALB GIG20 GIG42 PRO0903 PRO1708 PRO2044 PRO2619 PRO2675 UNQ696/PRO1341,Homo sapiens (Human),609
Q13126,Q13126,reviewed,MTAP_HUMAN,S-methyl-5'-thioadenosine phosphorylase (EC 2.4.2.28) (5'-methylthioadenosine phosphorylase) (MTA phosphorylase) (MTAP) (MTAPase),MTAP MSAP,Homo sapiens (Human),283
P30460,P01889,reviewed,HLAB_HUMAN,"HLA class I histocompatibility antigen, B alpha chain (Human leukocyte antigen B) (HLA-B)",HLA-B HLAB,Homo sapiens (Human),362
Q9Y3B4,Q9Y3B4,reviewed,SF3B6_HUMAN,"Splicing factor 3B subunit 6 (Pre-mRNA branch site protein p14) (SF3b 14 kDa subunit) (SF3B14a) (Spliceosome-associated protein, 14-kDa) (Splicing factor 3b, subunit 6, 14kDa)",SF3B6 SAP14 SF3B14 SF3B14A CGI-110 HSPC175 HT006,Homo sapiens (Human),125
BTK_HUMAN,Q06187,reviewed,BTK_HUMAN,Tyrosine-protein kinase BTK (EC 2.7.10.2) (Agammaglobulinemia tyrosine kinase) (ATK) (B-cell progenitor kinase) (BPK) (Bruton tyrosine kinase),BTK AGMX1 ATK BPK,Homo sapiens (Human),659
BCL9_HUMAN,O00512,reviewed,BCL9_HUMAN,B-cell CLL/lymphoma 9 protein (B-cell lymphoma 9 protein) (Bcl-9) (Protein legless homolog),BCL9,Homo sapiens (Human),1426
O95218,O95218,reviewed,ZRAB2_HUMAN,"Zinc finger Ran-binding domain-containing protein 2 (Zinc finger protein 265) (Zinc finger, splicing)",ZRANB2 ZIS ZNF265,Homo sapiens (Human),330
Q9P2J5,Q9P2J5,reviewed,SYLC_HUMAN,"Leucine--tRNA ligase, cytoplasmic (EC 6.1.1.4) (Leucyl-tRNA synthetase) (LeuRS) (cLRS)",LARS1 KIAA1352 LARS,Homo sapiens (Human),1176
Q9UQ80,Q9UQ80,reviewed,PA2G4_HUMAN,Proliferation-associated protein 2G4 (Cell cycle protein p38-2G4 homolog) (hG4-1) (ErbB3-binding protein 1),PA2G4 EBP1,Homo sapiens (Human),394
P80404,P80404,reviewed,GABT_HUMAN,"4-aminobutyrate aminotransferase, mitochondrial (EC 2.6.1.19) ((S)-3-amino-2-methylpropionate transaminase) (EC 2.6.1.22) (GABA aminotransferase) (GABA-AT) (Gamma-amino-N-butyrate transaminase) (GABA transaminase) (GABA-T) (L-AIBAT)",ABAT GABAT,Homo sapiens (Human),500
FAK2_HUMAN,Q14289,reviewed,FAK2_HUMAN,Protein-tyrosine kinase 2-beta (EC 2.7.10.2) (Calcium-dependent tyrosine kinase) (CADTK) (Calcium-regulated non-receptor proline-rich tyrosine kinase) (Cell adhesion kinase beta) (CAK-beta) (CAKB) (Focal adhesion kinase 2) (FADK 2) (Proline-rich tyrosine kinase 2) (Related adhesion focal tyrosine kinase) (RAFTK),PTK2B FAK2 PYK2 RAFTK,Homo sapiens (Human),1009
GELS_HUMAN,P06396,reviewed,GELS_HUMAN,Gelsolin (AGEL) (Actin-depolymerizing factor) (ADF) (Brevin),GSN,Homo sapiens (Human),782
O00763,O00763,reviewed,ACACB_HUMAN,Acetyl-CoA carboxylase 2 (EC 6.4.1.2) (ACC-beta),ACACB ACC2 ACCB,Homo sapiens (Human),2458
O95050,O95050,reviewed,INMT_HUMAN,Indolethylamine N-methyltransferase (Indolamine N-methyltransferase) (EC 2.1.1.49) (EC 2.1.1.96) (Aromatic alkylamine N-methyltransferase) (Amine N-methyltransferase) (Arylamine N-methyltransferase) (Thioether S-methyltransferase) (TEMT),INMT,Homo sapiens (Human),263
Q8TE04,Q8TE04,reviewed,PANK1_HUMAN,Pantothenate kinase 1 (hPanK) (hPanK1) (EC 2.7.1.33) (Pantothenic acid kinase 1),PANK1 PANK,Homo sapiens (Human),598
FABP7_HUMAN,O15540,reviewed,FABP7_HUMAN,"Fatty acid-binding protein, brain (Brain lipid-binding protein) (BLBP) (Brain-type fatty acid-binding protein) (B-FABP) (Fatty acid-binding protein 7) (Mammary-derived growth inhibitor related)",FABP7 BLBP FABPB MRG,Homo sapiens (Human),132
PH4H_HUMAN,P00439,reviewed,PH4H_HUMAN,Phenylalanine-4-hydroxylase (PAH) (EC 1.14.16.1) (Phe-4-monooxygenase),PAH,Homo sapiens (Human),452
HMOX2_HUMAN,P30519,reviewed,HMOX2_HUMAN,Heme oxygenase 2 (HO-2) (EC 1.14.14.18) [Cleaved into: Heme oxygenase 2 soluble form],HMOX2 HO2,Homo sapiens (Human),316
KC1G2_HUMAN,P78368,reviewed,KC1G2_HUMAN,Casein kinase I isoform gamma-2 (CKI-gamma 2) (EC 2.7.11.1),CSNK1G2 CK1G2,Homo sapiens (Human),415
CP7A1_HUMAN,P22680,reviewed,CP7A1_HUMAN,Cytochrome P450 7A1 (24-hydroxycholesterol 7-alpha-hydroxylase) (EC 1.14.14.26) (CYPVII) (Cholesterol 7-alpha-hydroxylase) (Cholesterol 7-alpha-monooxygenase) (EC 1.14.14.23),CYP7A1 CYP7,Homo sapiens (Human),504
O95881,O95881,reviewed,TXD12_HUMAN,Thioredoxin domain-containing protein 12 (EC 1.8.4.2) (Endoplasmic reticulum resident protein 18) (ER protein 18) (ERp18) (Endoplasmic reticulum resident protein 19) (ER protein 19) (ERp19) (Thioredoxin-like protein p19) (hTLP19),TXNDC12 TLP19 UNQ713/PRO1376,Homo sapiens (Human),172
Q8NFH8,Q8NFH8,reviewed,REPS2_HUMAN,RalBP1-associated Eps domain-containing protein 2 (Partner of RalBP1) (RalBP1-interacting protein 2),REPS2 POB1,Homo sapiens (Human),660
RBBP6_HUMAN,Q7Z6E9,reviewed,RBBP6_HUMAN,E3 ubiquitin-protein ligase RBBP6 (EC 2.3.2.27) (Proliferation potential-related protein) (Protein P2P-R) (RING-type E3 ubiquitin transferase RBBP6) (Retinoblastoma-binding Q protein 1) (RBQ-1) (Retinoblastoma-binding protein 6) (p53-associated cellular protein of testis),RBBP6 P2PR PACT RBQ1 My038,Homo sapiens (Human),1792
Q15811,Q15811,reviewed,ITSN1_HUMAN,Intersectin-1 (SH3 domain-containing protein 1A) (SH3P17),ITSN1 ITSN SH3D1A,Homo sapiens (Human),1721
P35790,P35790,reviewed,CHKA_HUMAN,Choline kinase alpha (CK) (EC 2.7.1.32) (CHETK-alpha) (Ethanolamine kinase) (EK) (EC 2.7.1.82),CHKA CHK CKI,Homo sapiens (Human),457
TOP2A_HUMAN,P11388,reviewed,TOP2A_HUMAN,"DNA topoisomerase 2-alpha (EC 5.6.2.2) (DNA topoisomerase II, alpha isozyme)",TOP2A TOP2,Homo sapiens (Human),1531
Q9UPV7,Q9UPV7,reviewed,PHF24_HUMAN,PHD finger protein 24,PHF24 KIAA1045,Homo sapiens (Human),400
Q13011,Q13011,reviewed,ECH1_HUMAN,"Delta(3,5)-Delta(2,4)-dienoyl-CoA isomerase, mitochondrial (EC 5.3.3.-)",ECH1,Homo sapiens (Human),328
O76071,O76071,reviewed,CIAO1_HUMAN,Probable cytosolic iron-sulfur protein assembly protein CIAO1 (WD repeat-containing protein 39),CIAO1 CIA1 WDR39,Homo sapiens (Human),339
P26038,P26038,reviewed,MOES_HUMAN,Moesin (Membrane-organizing extension spike protein),MSN,Homo sapiens (Human),577
KC1G1_HUMAN,Q9HCP0,reviewed,KC1G1_HUMAN,Casein kinase I isoform gamma-1 (CKI-gamma 1) (EC 2.7.11.1),CSNK1G1,Homo sapiens (Human),422
BCR_HUMAN,P11274,reviewed,BCR_HUMAN,Breakpoint cluster region protein (EC 2.7.11.1) (Renal carcinoma antigen NY-REN-26),BCR BCR1 D22S11,Homo sapiens (Human),1271
Q9BUP3,Q9BUP3,reviewed,HTAI2_HUMAN,Oxidoreductase HTATIP2 (EC 1.1.1.-) (30 kDa HIV-1 TAT-interacting protein) (HIV-1 TAT-interactive protein 2),HTATIP2 CC3 TIP30,Homo sapiens (Human),242
P35219,P35219,reviewed,CAH8_HUMAN,Carbonic anhydrase-related protein (CARP) (Carbonic anhydrase VIII) (CA-VIII),CA8 CALS,Homo sapiens (Human),290
Q9H227,Q9H227,reviewed,GBA3_HUMAN,Cytosolic beta-glucosidase (EC 3.2.1.21) (Cytosolic beta-glucosidase-like protein 1) (Cytosolic galactosylceramidase) (EC 3.2.1.46) (Cytosolic glucosylceramidase) (EC 3.2.1.45) (Cytosolic glycosylceramidase) (Cytosolic GCase) (Glucosidase beta acid 3) (Glucosylceramidase beta 3) (Klotho-related protein) (KLrP),GBA3 CBG CBGL1,Homo sapiens (Human),469
P55064,P55064,reviewed,AQP5_HUMAN,Aquaporin-5 (AQP-5),AQP5,Homo sapiens (Human),265
CP2R1_HUMAN,Q6VVX0,reviewed,CP2R1_HUMAN,Vitamin D 25-hydroxylase (EC 1.14.14.24) (Cytochrome P450 2R1),CYP2R1,Homo sapiens (Human),501
P60896,P60896,reviewed,SEM1_HUMAN,26S proteasome complex subunit SEM1 (26S proteasome complex subunit DSS1) (Deleted in split hand/split foot protein 1) (Split hand/foot deleted protein 1) (Split hand/foot malformation type 1 protein),SEM1 C7orf76 DSS1 SHFDG1 SHFM1,Homo sapiens (Human),70
P35670,P35670,reviewed,ATP7B_HUMAN,Copper-transporting ATPase 2 (EC 7.2.2.8) (Copper pump 2) (Wilson disease-associated protein) [Cleaved into: WND/140 kDa],ATP7B PWD WC1 WND,Homo sapiens (Human),1465
P07602,P07602,reviewed,SAP_HUMAN,Prosaposin (Proactivator polypeptide) [Cleaved into: Saposin-A (Protein A); Saposin-B-Val; Saposin-B (Cerebroside sulfate activator) (CSAct) (Dispersin) (Sphingolipid activator protein 1) (SAP-1) (Sulfatide/GM1 activator); Saposin-C (A1 activator) (Co-beta-glucosidase) (Glucosylceramidase activator) (Sphingolipid activator protein 2) (SAP-2); Saposin-D (Component C) (Protein C)],PSAP GLBA SAP1,Homo sapiens (Human),524
O00206,O00206,reviewed,TLR4_HUMAN,Toll-like receptor 4 (hToll) (CD antigen CD284),TLR4,Homo sapiens (Human),839
P50851,P50851,reviewed,LRBA_HUMAN,Lipopolysaccharide-responsive and beige-like anchor protein (Beige-like protein) (CDC4-like protein),LRBA BGL CDC4L LBA,Homo sapiens (Human),2863
Q9BV79,Q9BV79,reviewed,MECR_HUMAN,"Enoyl-[acyl-carrier-protein] reductase, mitochondrial (EC 1.3.1.104) (2-enoyl thioester reductase) (Nuclear receptor-binding factor 1) (HsNrbf-1) (NRBF-1)",MECR NBRF1 CGI-63,Homo sapiens (Human),373
GSTT2_HUMAN,P0CG30,reviewed,GSTT2_HUMAN,Glutathione S-transferase theta-2B (EC 2.5.1.18) (Glutathione S-transferase theta-2) (GST class-theta-2),GSTT2B GSTT2,Homo sapiens (Human),244
O95154,O95154,reviewed,ARK73_HUMAN,Aflatoxin B1 aldehyde reductase member 3 (EC 1.-.-.-) (AFB1 aldehyde reductase 2) (AFB1-AR 2),AKR7A3 AFAR2,Homo sapiens (Human),331
KPCB_HUMAN,P05771,reviewed,KPCB_HUMAN,Protein kinase C beta type (PKC-B) (PKC-beta) (EC 2.7.11.13),PRKCB PKCB PRKCB1,Homo sapiens (Human),671
P30793,P30793,reviewed,GCH1_HUMAN,GTP cyclohydrolase 1 (EC 3.5.4.16) (GTP cyclohydrolase I) (GTP-CH-I),GCH1 DYT5 GCH,Homo sapiens (Human),250
Q04724,Q04724,reviewed,TLE1_HUMAN,Transducin-like enhancer protein 1 (E(Sp1) homolog) (Enhancer of split groucho-like protein 1) (ESG1),TLE1,Homo sapiens (Human),770
BMP7_HUMAN,P18075,reviewed,BMP7_HUMAN,Bone morphogenetic protein 7 (BMP-7) (Osteogenic protein 1) (OP-1) (Eptotermin alfa),BMP7 OP1,Homo sapiens (Human),431
P02751,P02751,reviewed,FINC_HUMAN,Fibronectin (FN) (Cold-insoluble globulin) (CIG) [Cleaved into: Anastellin; Ugl-Y1; Ugl-Y2; Ugl-Y3],FN1 FN,Homo sapiens (Human),2477
CCNA2_HUMAN,P20248,reviewed,CCNA2_HUMAN,Cyclin-A2 (Cyclin-A) (Cyclin A),CCNA2 CCN1 CCNA,Homo sapiens (Human),432
P61769,P61769,reviewed,B2MG_HUMAN,Beta-2-microglobulin [Cleaved into: Beta-2-microglobulin form pI 5.3],B2M CDABP0092 HDCMA22P,Homo sapiens (Human),119
P00326,P00326,reviewed,ADH1G_HUMAN,Alcohol dehydrogenase 1C (EC 1.1.1.1) (Alcohol dehydrogenase subunit gamma),ADH1C ADH3,Homo sapiens (Human),375
PUR2_HUMAN,P22102,reviewed,PUR2_HUMAN,Trifunctional purine biosynthetic protein adenosine-3 [Includes: Phosphoribosylamine--glycine ligase (EC 6.3.4.13) (Glycinamide ribonucleotide synthetase) (GARS) (Phosphoribosylglycinamide synthetase); Phosphoribosylformylglycinamidine cyclo-ligase (EC 6.3.3.1) (AIR synthase) (AIRS) (Phosphoribosyl-aminoimidazole synthetase); Phosphoribosylglycinamide formyltransferase (EC 2.1.2.2) (5'-phosphoribosylglycinamide transformylase) (GAR transformylase) (GART)],GART PGFT PRGS,Homo sapiens (Human),1010
O60381,O60381,reviewed,HBP1_HUMAN,HMG box-containing protein 1 (HMG box transcription factor 1) (High mobility group box transcription factor 1),HBP1,Homo sapiens (Human),514
Q96IZ5,Q96IZ5,reviewed,RBM41_HUMAN,RNA-binding protein 41 (RNA-binding motif protein 41),RBM41,Homo sapiens (Human),413
Q8N8N7,Q8N8N7,reviewed,PTGR2_HUMAN,Prostaglandin reductase 2 (PRG-2) (EC 1.3.1.48) (15-oxoprostaglandin 13-reductase) (Zinc-binding alcohol dehydrogenase domain-containing protein 1),PTGR2 ZADH1,Homo sapiens (Human),351
Q8NFP9,Q8NFP9,reviewed,NBEA_HUMAN,Neurobeachin (Lysosomal-trafficking regulator 2) (Protein BCL8B),NBEA BCL8B KIAA1544 LYST2,Homo sapiens (Human),2946
P30101,P30101,reviewed,PDIA3_HUMAN,Protein disulfide-isomerase A3 (EC 5.3.4.1) (58 kDa glucose-regulated protein) (58 kDa microsomal protein) (p58) (Disulfide isomerase ER-60) (Endoplasmic reticulum resident protein 57) (ER protein 57) (ERp57) (Endoplasmic reticulum resident protein 60) (ER protein 60) (ERp60),PDIA3 ERP57 ERP60 GRP58,Homo sapiens (Human),505
RORA_HUMAN,P35398,reviewed,RORA_HUMAN,Nuclear receptor ROR-alpha (Nuclear receptor RZR-alpha) (Nuclear receptor subfamily 1 group F member 1) (RAR-related orphan receptor A) (Retinoid-related orphan receptor-alpha),RORA NR1F1 RZRA,Homo sapiens (Human),523
P49789,P49789,reviewed,FHIT_HUMAN,"Bis(5'-adenosyl)-triphosphatase (EC 3.6.1.29) (AP3A hydrolase) (AP3Aase) (Adenosine 5'-monophosphoramidase FHIT) (EC 3.9.1.-) (Adenylylsulfatase) (EC 3.6.2.1) (Adenylylsulfate-ammonia adenylyltransferase) (EC 2.7.7.51) (Diadenosine 5',5'''-P1,P3-triphosphate hydrolase) (Dinucleosidetriphosphatase) (Fragile histidine triad protein)",FHIT,Homo sapiens (Human),147
P01031,P01031,reviewed,CO5_HUMAN,Complement C5 (C3 and PZP-like alpha-2-macroglobulin domain-containing protein 4) [Cleaved into: Complement C5 beta chain; Complement C5 alpha chain; C5a anaphylatoxin; Complement C5 alpha' chain],C5 CPAMD4,Homo sapiens (Human),1676
P01857,P01857,reviewed,IGHG1_HUMAN,Immunoglobulin heavy constant gamma 1 (Ig gamma-1 chain C region) (Ig gamma-1 chain C region EU) (Ig gamma-1 chain C region KOL) (Ig gamma-1 chain C region NIE),IGHG1,Homo sapiens (Human),399
TF_HUMAN,P13726,reviewed,TF_HUMAN,Tissue factor (TF) (Coagulation factor III) (Thromboplastin) (CD antigen CD142),F3,Homo sapiens (Human),295
RARA_HUMAN,P10276,reviewed,RARA_HUMAN,Retinoic acid receptor alpha (RAR-alpha) (Nuclear receptor subfamily 1 group B member 1),RARA NR1B1,Homo sapiens (Human),462
CDK6_HUMAN,Q00534,reviewed,CDK6_HUMAN,Cyclin-dependent kinase 6 (EC 2.7.11.22) (Cell division protein kinase 6) (Serine/threonine-protein kinase PLSTIRE),CDK6 CDKN6,Homo sapiens (Human),326
B3GA2_HUMAN,Q9NPZ5,reviewed,B3GA2_HUMAN,"Galactosylgalactosylxylosylprotein 3-beta-glucuronosyltransferase 2 (EC 2.4.1.135) (Beta-1,3-glucuronyltransferase 2) (GlcAT-D) (UDP-glucuronosyltransferase S) (GlcAT-S) (Glucuronosyltransferase S)",B3GAT2 GLCATS KIAA1963,Homo sapiens (Human),323
HMCS1_HUMAN,Q01581,reviewed,HMCS1_HUMAN,"Hydroxymethylglutaryl-CoA synthase, cytoplasmic (HMG-CoA synthase) (EC 2.3.3.10) (3-hydroxy-3-methylglutaryl coenzyme A synthase)",HMGCS1 HMGCS,Homo sapiens (Human),520
P10515,P10515,reviewed,ODP2_HUMAN,"Dihydrolipoyllysine-residue acetyltransferase component of pyruvate dehydrogenase complex, mitochondrial (EC 2.3.1.12) (70 kDa mitochondrial autoantigen of primary biliary cirrhosis) (PBC) (Dihydrolipoamide acetyltransferase component of pyruvate dehydrogenase complex) (M2 antigen complex 70 kDa subunit) (Pyruvate dehydrogenase complex component E2) (PDC-E2) (PDCE2)",DLAT DLTA,Homo sapiens (Human),647
ST1A1_HUMAN,P50225,reviewed,ST1A1_HUMAN,Sulfotransferase 1A1 (ST1A1) (EC 2.8.2.1) (Aryl sulfotransferase 1) (HAST1/HAST2) (Phenol sulfotransferase 1) (Phenol-sulfating phenol sulfotransferase 1) (P-PST 1) (ST1A3) (Thermostable phenol sulfotransferase) (Ts-PST),SULT1A1 STP STP1 OK/SW-cl.88,Homo sapiens (Human),295
P29373,P29373,reviewed,RABP2_HUMAN,Cellular retinoic acid-binding protein 2 (Cellular retinoic acid-binding protein II) (CRABP-II),CRABP2,Homo sapiens (Human),138
PDK1_HUMAN,Q15118,reviewed,PDK1_HUMAN,"[Pyruvate dehydrogenase (acetyl-transferring)] kinase isozyme 1, mitochondrial (EC 2.7.11.2) (Pyruvate dehydrogenase kinase isoform 1) (PDH kinase 1)",PDK1 PDHK1,Homo sapiens (Human),436
Q13557,Q13557,reviewed,KCC2D_HUMAN,Calcium/calmodulin-dependent protein kinase type II subunit delta (CaM kinase II subunit delta) (CaMK-II subunit delta) (EC 2.7.11.17),CAMK2D CAMKD,Homo sapiens (Human),499
ALK_HUMAN,Q9UM73,reviewed,ALK_HUMAN,ALK tyrosine kinase receptor (EC 2.7.10.1) (Anaplastic lymphoma kinase) (CD antigen CD246),ALK,Homo sapiens (Human),1620
VEGFA_HUMAN,P15692,reviewed,VEGFA_HUMAN,"Vascular endothelial growth factor A, long form (L-VEGF) (Vascular permeability factor) (VPF) [Cleaved into: N-VEGF; VEGFA]",VEGFA VEGF,Homo sapiens (Human),395
P13984,P13984,reviewed,T2FB_HUMAN,General transcription factor IIF subunit 2 (General transcription factor IIF 30 kDa subunit) (Transcription initiation factor IIF subunit beta) (TFIIF-beta) (Transcription initiation factor RAP30),GTF2F2 RAP30,Homo sapiens (Human),249
UROK_HUMAN,P00749,reviewed,UROK_HUMAN,Urokinase-type plasminogen activator (U-plasminogen activator) (uPA) (EC 3.4.21.73) [Cleaved into: Urokinase-type plasminogen activator long chain A; Urokinase-type plasminogen activator short chain A; Urokinase-type plasminogen activator chain B],PLAU,Homo sapiens (Human),431
METH_HUMAN,Q99707,reviewed,METH_HUMAN,Methionine synthase (MS) (EC 2.1.1.13) (5-methyltetrahydrofolate--homocysteine methyltransferase) (Cobalamin-dependent methionine synthase) (Vitamin-B12 dependent methionine synthase),MTR,Homo sapiens (Human),1265
Q15059,Q15059,reviewed,BRD3_HUMAN,Bromodomain-containing protein 3 (RING3-like protein),BRD3 KIAA0043 RING3L,Homo sapiens (Human),726
Q8TF76,Q8TF76,reviewed,HASP_HUMAN,Serine/threonine-protein kinase haspin (EC 2.7.11.1) (Germ cell-specific gene 2 protein) (H-haspin) (Haploid germ cell-specific nuclear protein kinase),HASPIN GSG2,Homo sapiens (Human),798
Q9P0R6,Q9P0R6,reviewed,GSKIP_HUMAN,GSK3B-interacting protein (GSKIP) (GSK3beta interaction protein),GSKIP C14orf129 HSPC210,Homo sapiens (Human),139
O95453,O95453,reviewed,PARN_HUMAN,Poly(A)-specific ribonuclease PARN (EC 3.1.13.4) (Deadenylating nuclease) (Deadenylation nuclease) (Polyadenylate-specific ribonuclease),PARN DAN,Homo sapiens (Human),639
Q53SF7,Q53SF7,reviewed,COBL1_HUMAN,Cordon-bleu protein-like 1,COBLL1 KIAA0977,Homo sapiens (Human),1128
CHLE_HUMAN,P06276,reviewed,CHLE_HUMAN,Cholinesterase (EC 3.1.1.8) (Acylcholine acylhydrolase) (Butyrylcholine esterase) (Choline esterase II) (Pseudocholinesterase),BCHE CHE1,Homo sapiens (Human),602
DAPK2_HUMAN,Q9UIK4,reviewed,DAPK2_HUMAN,Death-associated protein kinase 2 (DAP kinase 2) (EC 2.7.11.1) (DAP-kinase-related protein 1) (DRP-1),DAPK2,Homo sapiens (Human),370
Q86SR1,Q86SR1,reviewed,GLT10_HUMAN,Polypeptide N-acetylgalactosaminyltransferase 10 (EC 2.4.1.41) (Polypeptide GalNAc transferase 10) (GalNAc-T10) (pp-GaNTase 10) (Protein-UDP acetylgalactosaminyltransferase 10) (UDP-GalNAc:polypeptide N-acetylgalactosaminyltransferase 10),GALNT10,Homo sapiens (Human),603
PPARG_HUMAN,P37231,reviewed,PPARG_HUMAN,Peroxisome proliferator-activated receptor gamma (PPAR-gamma) (Nuclear receptor subfamily 1 group C member 3),PPARG NR1C3,Homo sapiens (Human),505
P54317,P54317,reviewed,LIPR2_HUMAN,Pancreatic lipase-related protein 2 (PL-RP2) (Cytotoxic T lymphocyte lipase) (Galactolipase) (EC 3.1.1.26) (Triacylglycerol lipase) (EC 3.1.1.3),PNLIPRP2 PLRP2,Homo sapiens (Human),469
ARHG1_HUMAN,Q92888,reviewed,ARHG1_HUMAN,Rho guanine nucleotide exchange factor 1 (115 kDa guanine nucleotide exchange factor) (p115-RhoGEF) (p115RhoGEF) (Sub1.5),ARHGEF1,Homo sapiens (Human),912
P51659,P51659,reviewed,DHB4_HUMAN,"Peroxisomal multifunctional enzyme type 2 (MFE-2) (17-beta-hydroxysteroid dehydrogenase 4) (17-beta-HSD 4) (D-bifunctional protein) (DBP) (Multifunctional protein 2) (MFP-2) (Short chain dehydrogenase/reductase family 8C member 1) [Cleaved into: (3R)-hydroxyacyl-CoA dehydrogenase (EC 1.1.1.n12); Enoyl-CoA hydratase 2 (EC 4.2.1.107) (EC 4.2.1.119) (3-alpha,7-alpha,12-alpha-trihydroxy-5-beta-cholest-24-enoyl-CoA hydratase)]",HSD17B4 EDH17B4 SDR8C1,Homo sapiens (Human),736
Q9H477,Q9H477,reviewed,RBSK_HUMAN,Ribokinase (RK) (EC 2.7.1.15),RBKS RBSK,Homo sapiens (Human),322
P61218,P61218,reviewed,RPAB2_HUMAN,"DNA-directed RNA polymerases I, II, and III subunit RPABC2 (RNA polymerases I, II, and III subunit ABC2) (DNA-directed RNA polymerase II subunit F) (DNA-directed RNA polymerases I, II, and III 14.4 kDa polypeptide) (RPABC14.4) (RPB14.4) (RPB6 homolog) (RPC15)",POLR2F POLRF,Homo sapiens (Human),127
Q03154,Q03154,reviewed,ACY1_HUMAN,Aminoacylase-1 (ACY-1) (EC 3.5.1.14) (N-acyl-L-amino-acid amidohydrolase),ACY1,Homo sapiens (Human),408
Q14894,Q14894,reviewed,CRYM_HUMAN,Ketimine reductase mu-crystallin (EC 1.5.1.25) (NADP-regulated thyroid-hormone-binding protein),CRYM THBP,Homo sapiens (Human),314
P11086,P11086,reviewed,PNMT_HUMAN,Phenylethanolamine N-methyltransferase (PNMTase) (EC 2.1.1.28) (Noradrenaline N-methyltransferase),PNMT PENT,Homo sapiens (Human),282
P32321,P32321,reviewed,DCTD_HUMAN,Deoxycytidylate deaminase (EC 3.5.4.12) (dCMP deaminase),DCTD,Homo sapiens (Human),178
Q9GZZ1,Q9GZZ1,reviewed,NAA50_HUMAN,N-alpha-acetyltransferase 50 (hNaa50p) (EC 2.3.1.258) (N-acetyltransferase 13) (N-acetyltransferase 5) (hNAT5) (N-acetyltransferase san homolog) (hSAN) (N-epsilon-acetyltransferase 50) (EC 2.3.1.-) (NatE catalytic subunit),NAA50 MAK3 NAT13 NAT5,Homo sapiens (Human),169
P01579,P01579,reviewed,IFNG_HUMAN,Interferon gamma (IFN-gamma) (Immune interferon),IFNG,Homo sapiens (Human),166
P46939,P46939,reviewed,UTRN_HUMAN,Utrophin (Dystrophin-related protein 1) (DRP-1),UTRN DMDL DRP1,Homo sapiens (Human),3433
P35244,P35244,reviewed,RFA3_HUMAN,Replication protein A 14 kDa subunit (RP-A p14) (Replication factor A protein 3) (RF-A protein 3),RPA3 REPA3 RPA14,Homo sapiens (Human),121
INGR1_HUMAN,P15260,reviewed,INGR1_HUMAN,Interferon gamma receptor 1 (IFN-gamma receptor 1) (IFN-gamma-R1) (CDw119) (Interferon gamma receptor alpha-chain) (IFN-gamma-R-alpha) (CD antigen CD119),IFNGR1,Homo sapiens (Human),489
CEL_HUMAN,P19835,reviewed,CEL_HUMAN,Bile salt-activated lipase (BAL) (EC 3.1.1.13) (EC 3.1.1.3) (EC 3.1.1.6) (Bile salt-stimulated lipase) (BSSL) (Bucelipase) (Carboxyl ester lipase) (Cholesterol esterase) (Pancreatic lysophospholipase) (Sterol esterase),CEL BAL,Homo sapiens (Human),753
P30711,P30711,reviewed,GSTT1_HUMAN,Glutathione S-transferase theta-1 (EC 2.5.1.18) (GST class-theta-1) (Glutathione transferase T1-1),GSTT1,Homo sapiens (Human),240
CD1A_HUMAN,P06126,reviewed,CD1A_HUMAN,T-cell surface glycoprotein CD1a (T-cell surface antigen T6/Leu-6) (hTa1 thymocyte antigen) (CD antigen CD1a),CD1A,Homo sapiens (Human),327
IPSP_HUMAN,P05154,reviewed,IPSP_HUMAN,Plasma serine protease inhibitor (Acrosomal serine protease inhibitor) (Plasminogen activator inhibitor 3) (PAI-3) (PAI3) (Protein C inhibitor) (PCI) (Serpin A5),SERPINA5 PCI PLANH3 PROCI,Homo sapiens (Human),406
STK4_HUMAN,Q13043,reviewed,STK4_HUMAN,Serine/threonine-protein kinase 4 (EC 2.7.11.1) (Mammalian STE20-like protein kinase 1) (MST-1) (STE20-like kinase MST1) (Serine/threonine-protein kinase Krs-2) [Cleaved into: Serine/threonine-protein kinase 4 37kDa subunit (MST1/N); Serine/threonine-protein kinase 4 18kDa subunit (MST1/C)],STK4 KRS2 MST1,Homo sapiens (Human),487
KPCT_HUMAN,Q04759,reviewed,KPCT_HUMAN,Protein kinase C theta type (EC 2.7.11.13) (nPKC-theta),PRKCQ PRKCT,Homo sapiens (Human),706
P13497,P13497,reviewed,BMP1_HUMAN,Bone morphogenetic protein 1 (BMP-1) (EC 3.4.24.19) (Mammalian tolloid protein) (mTld) (Procollagen C-proteinase) (PCP),BMP1 PCOLC,Homo sapiens (Human),986
Q14498,Q14498,reviewed,RBM39_HUMAN,RNA-binding protein 39 (CAPER alpha) (CAPERalpha) (Hepatocellular carcinoma protein 1) (RNA-binding motif protein 39) (RNA-binding region-containing protein 2) (Splicing factor HCC1),RBM39 HCC1 RNPC2,Homo sapiens (Human),530
Q07157,Q07157,reviewed,ZO1_HUMAN,Tight junction protein 1 (Tight junction protein ZO-1) (Zona occludens protein 1) (Zonula occludens protein 1),TJP1 ZO1,Homo sapiens (Human),1748
1433T_HUMAN,P27348,reviewed,1433T_HUMAN,14-3-3 protein theta (14-3-3 protein T-cell) (14-3-3 protein tau) (Protein HS1),YWHAQ,Homo sapiens (Human),245
O60729,O60729,reviewed,CC14B_HUMAN,Dual specificity protein phosphatase CDC14B (EC 3.1.3.16) (EC 3.1.3.48) (CDC14 cell division cycle 14 homolog B),CDC14B,Homo sapiens (Human),498
Q13596,Q13596,reviewed,SNX1_HUMAN,Sorting nexin-1,SNX1,Homo sapiens (Human),522
1433F_HUMAN,Q04917,reviewed,1433F_HUMAN,14-3-3 protein eta (Protein AS1),YWHAH YWHA1,Homo sapiens (Human),246
P14735,P14735,reviewed,IDE_HUMAN,Insulin-degrading enzyme (EC 3.4.24.56) (Abeta-degrading protease) (Insulin protease) (Insulinase) (Insulysin),IDE,Homo sapiens (Human),1019
P49748,P49748,reviewed,ACADV_HUMAN,"Very long-chain specific acyl-CoA dehydrogenase, mitochondrial (VLCAD) (EC 1.3.8.9)",ACADVL VLCAD,Homo sapiens (Human),655
P18054,P18054,reviewed,LOX12_HUMAN,Polyunsaturated fatty acid lipoxygenase ALOX12 (EC 1.13.11.-) (Arachidonate (12S)-lipoxygenase) (12S-LOX) (12S-lipoxygenase) (EC 1.13.11.31) (Arachidonate (15S)-lipoxygenase) (EC 1.13.11.33) (Linoleate (13S)-lipoxygenase) (Lipoxin synthase 12-LO) (EC 3.3.2.-) (Platelet-type lipoxygenase 12),ALOX12 12LO LOG12,Homo sapiens (Human),663
Q9Y297,Q9Y297,reviewed,FBW1A_HUMAN,F-box/WD repeat-containing protein 1A (E3RSIkappaB) (Epididymis tissue protein Li 2a) (F-box and WD repeats protein beta-TrCP) (pIkappaBalpha-E3 receptor subunit),BTRC BTRCP FBW1A FBXW1A,Homo sapiens (Human),605
HLAG_HUMAN,P17693,reviewed,HLAG_HUMAN,"HLA class I histocompatibility antigen, alpha chain G (HLA G antigen) (MHC class I antigen G) [Cleaved into: Soluble HLA class I histocompatibility antigen, alpha chain G (sHLA-G)]",HLA-G HLA-6.0 HLAG,Homo sapiens (Human),338
DGKA_HUMAN,P23743,reviewed,DGKA_HUMAN,Diacylglycerol kinase alpha (DAG kinase alpha) (EC 2.7.1.107) (EC 2.7.1.93) (80 kDa diacylglycerol kinase) (Diglyceride kinase alpha) (DGK-alpha),DGKA DAGK DAGK1,Homo sapiens (Human),735
P30043,P30043,reviewed,BLVRB_HUMAN,Flavin reductase (NADPH) (FR) (EC 1.5.1.30) (Biliverdin reductase B) (BVR-B) (EC 1.3.1.-) (Biliverdin-IX beta-reductase) (Green heme-binding protein) (GHBP) (NADPH-dependent diaphorase) (NADPH-flavin reductase) (FLR) (S-nitroso-CoA-assisted nitrosyltransferase) (SNO-CoA-assisted nitrosyltransferase) (EC 2.6.99.-),BLVRB FLR SCAN,Homo sapiens (Human),206
P30084,P30084,reviewed,ECHM_HUMAN,"Enoyl-CoA hydratase, mitochondrial (mECH) (mECH1) (EC 4.2.1.17) (EC 5.3.3.8) (Enoyl-CoA hydratase 1) (ECHS1) (Short-chain enoyl-CoA hydratase) (SCEH)",ECHS1,Homo sapiens (Human),290
ITA2B_HUMAN,P08514,reviewed,ITA2B_HUMAN,"Integrin alpha-IIb (GPalpha IIb) (GPIIb) (Platelet membrane glycoprotein IIb) (CD antigen CD41) [Cleaved into: Integrin alpha-IIb heavy chain; Integrin alpha-IIb light chain, form 1; Integrin alpha-IIb light chain, form 2]",ITGA2B GP2B ITGAB,Homo sapiens (Human),1039
CP2E1_HUMAN,P05181,reviewed,CP2E1_HUMAN,Cytochrome P450 2E1 (EC 1.14.14.1) (4-nitrophenol 2-hydroxylase) (EC 1.14.13.n7) (CYPIIE1) (Cytochrome P450-J),CYP2E1 CYP2E,Homo sapiens (Human),493
O14529,O14529,reviewed,CUX2_HUMAN,Homeobox protein cut-like 2 (Homeobox protein cux-2),CUX2 CUTL2 KIAA0293,Homo sapiens (Human),1486
O60281,O60281,reviewed,ZN292_HUMAN,Zinc finger protein 292,ZNF292 KIAA0530,Homo sapiens (Human),2723
BCAT1_HUMAN,P54687,reviewed,BCAT1_HUMAN,"Branched-chain-amino-acid aminotransferase, cytosolic (BCAT(c)) (EC 2.6.1.42)",BCAT1 BCT1 ECA39,Homo sapiens (Human),386
P22830,P22830,reviewed,HEMH_HUMAN,"Ferrochelatase, mitochondrial (EC 4.98.1.1) (Heme synthase) (Protoheme ferro-lyase)",FECH,Homo sapiens (Human),423
P00558,P00558,reviewed,PGK1_HUMAN,Phosphoglycerate kinase 1 (EC 2.7.11.1) (EC 2.7.2.3) (Cell migration-inducing gene 10 protein) (Primer recognition protein 2) (PRP 2),PGK1 PGKA MIG10 OK/SW-cl.110,Homo sapiens (Human),417
DCOR_HUMAN,P11926,reviewed,DCOR_HUMAN,Ornithine decarboxylase (ODC) (EC 4.1.1.17),ODC1,Homo sapiens (Human),461
Q9NWU1,Q9NWU1,reviewed,OXSM_HUMAN,"3-oxoacyl-[acyl-carrier-protein] synthase, mitochondrial (EC 2.3.1.41) (Beta-ketoacyl-ACP synthase)",OXSM,Homo sapiens (Human),459
Q86WA6,Q86WA6,reviewed,BPHL_HUMAN,Valacyclovir hydrolase (VACVase) (Valacyclovirase) (EC 3.1.-.-) (Biphenyl hydrolase-like protein) (Biphenyl hydrolase-related protein) (Bph-rp) (Breast epithelial mucin-associated antigen) (MCNAA),BPHL MCNAA,Homo sapiens (Human),291
Q06265,Q06265,reviewed,EXOS9_HUMAN,Exosome complex component RRP45 (Autoantigen PM/Scl 1) (Exosome component 9) (P75 polymyositis-scleroderma overlap syndrome-associated autoantigen) (Polymyositis/scleroderma autoantigen 1) (Polymyositis/scleroderma autoantigen 75 kDa) (PM/Scl-75),EXOSC9 PMSCL1,Homo sapiens (Human),439
